{
  "version": "0.1.0",
  "git_sha": "synthetic",
  "test_started_at": 0,
  "n_samples_issued": 31500,
  "n_samples_completed": 31500,
  "n_samples_failed": 0,
  "duration_ns": 4127400132312,
  "state": "complete",
  "complete": true,
  "ttft": {
    "total": 34380083910202.066,
    "min": 210000000,
    "max": 4200000000,
    "median": 988266077.2764174,
    "avg": 1091431235.24451,
    "std_dev": 508742510.49521416,
    "percentiles": {
      "1.0": 348744767.63733816,
      "5.0": 471945999.0378211,
      "10.0": 554893505.3563557,
      "25.0": 729120002.387635,
      "50.0": 988266077.2764174,
      "75.0": 1339361189.5043344,
      "80.0": 1443276099.4218996,
      "90.0": 1758222889.974881,
      "95.0": 2064422365.3999667,
      "97.0": 2290229570.1950502,
      "99.0": 2784189477.1030188,
      "99.9": 3721055572.782026
    },
    "histogram": {
      "buckets": [
        [
          210000000,
          232052879.1740791
        ],
        [
          232052879.1740791,
          256421613.01418927
        ],
        [
          256421613.01418927,
          283349398.0114482
        ],
        [
          283349398.0114482,
          313104969.62285066
        ],
        [
          313104969.62285066,
          345985284.21283364
        ],
        [
          345985284.21283364,
          382318482.63547665
        ],
        [
          382318482.63547665,
          422467165.0334644
        ],
        [
          422467165.0334644,
          466832009.5358392
        ],
        [
          466832009.5358392,
          515855770.96863157
        ],
        [
          515855770.96863157,
          570027699.4849299
        ],
        [
          570027699.4849299,
          629888423.2116891
        ],
        [
          629888423.2116891,
          696035343.6413966
        ],
        [
          696035343.6413966,
          769128597.6138363
        ],
        [
          769128597.6138363,
          849897645.3876783
        ],
        [
          849897645.3876783,
          939148550.5499105
        ],
        [
          939148550.5499105,
          1037772024.4155709
        ],
        [
          1037772024.4155709,
          1146752315.1997423
        ],
        [
          1146752315.1997423,
          1267177030.674482
        ],
        [
          1267177030.674482,
          1400247992.3393996
        ],
        [
          1400247992.3393996,
          1547293229.4289596
        ],
        [
          1547293229.4289596,
          1709780232.4549952
        ],
        [
          1709780232.4549952,
          1889330598.5528944
        ],
        [
          1889330598.5528944,
          2087736214.78993
        ],
        [
          2087736214.78993,
          2306977140.942842
        ],
        [
          2306977140.942842,
          2549241370.2122464
        ],
        [
          2549241370.2122464,
          2816946665.082982
        ],
        [
          2816946665.082982,
          3112764686.2491727
        ],
        [
          3112764686.2491727,
          3439647655.4072356
        ],
        [
          3439647655.4072356,
          3800857818.0077124
        ],
        [
          3800857818.0077124,
          4200000420.0000005
        ]
      ],
      "counts": [
        11,
        22,
        43,
        80,
        141,
        237,
        378,
        576,
        834,
        1149,
        1508,
        1883,
        2238,
        2532,
        2727,
        2793,
        2727,
        2532,
        2238,
        1883,
        1508,
        1149,
        834,
        576,
        378,
        237,
        141,
        80,
        43,
        22
      ]
    }
  },
  "tpot": {
    "total": 741267848965.2646,
    "min": 19200000.0,
    "max": 40500000.0,
    "median": 23294362.865500893,
    "avg": 23532312.665563956,
    "std_dev": 2421092.8579484266,
    "percentiles": {
      "1.0": 19374324.993622143,
      "5.0": 19972150.010426868,
      "10.0": 20523922.64417397,
      "25.0": 21718794.502129473,
      "50.0": 23294362.865500893,
      "75.0": 25066433.354274336,
      "80.0": 25534729.898351945,
      "90.0": 26807545.205476593,
      "95.0": 27879992.03188223,
      "97.0": 28622432.87768415,
      "99.0": 30066930.822440177,
      "99.9": 32747264.881627064
    },
    "histogram": {
      "buckets": [
        [
          19200000.0,
          19683682.68071667
        ],
        [
          19683682.68071667,
          20179550.20183049
        ],
        [
          20179550.20183049,
          20687909.52148039
        ],
        [
          20687909.52148039,
          21209075.330635265
        ],
        [
          21209075.330635265,
          21743370.247897945
        ],
        [
          21743370.247897945,
          22291125.019216612
        ],
        [
          22291125.019216612,
          22852678.722627297
        ],
        [
          22852678.722627297,
          23428378.978154235
        ],
        [
          23428378.978154235,
          24018582.162997972
        ],
        [
          24018582.162997972,
          24623653.632144455
        ],
        [
          24623653.632144455,
          25243967.944531664
        ],
        [
          25243967.944531664,
          25879909.09491379
        ],
        [
          25879909.09491379,
          26531870.75156648
        ],
        [
          26531870.75156648,
          27200256.49998033
        ],
        [
          27200256.49998033,
          27885480.092693433
        ],
        [
          27885480.092693433,
          28587965.70541767
        ],
        [
          28587965.70541767,
          29308148.19961729
        ],
        [
          29308148.19961729,
          30046473.39170231
        ],
        [
          30046473.39170231,
          30803398.32900339
        ],
        [
          30803398.32900339,
          31579391.572699003
        ],
        [
          31579391.572699003,
          32374933.48787007
        ],
        [
          32374933.48787007,
          33190516.540861577
        ],
        [
          33190516.540861577,
          34026645.604135275
        ],
        [
          34026645.604135275,
          34883838.268802166
        ],
        [
          34883838.268802166,
          35762625.16502826
        ],
        [
          35762625.16502826,
          36663550.29051192
        ],
        [
          36663550.29051192,
          37587171.34723616
        ],
        [
          37587171.34723616,
          38534060.086704284
        ],
        [
          38534060.086704284,
          39504802.66387274
        ],
        [
          39504802.66387274,
          40500004.050000004
        ]
      ],
      "counts": [
        874,
        1205,
        1581,
        1975,
        2348,
        2656,
        2860,
        2934,
        2860,
        2656,
        2348,
        1975,
        1581,
        1205,
        874,
        604,
        397,
        248,
        148,
        84,
        45,
        23,
        11,
        5,
        2,
        1,
        0,
        0,
        0,
        0
      ]
    }
  },
  "latency": {
    "total": 229400630764396.25,
    "min": 2500000000,
    "max": 88000000000,
    "median": 6293405016.796065,
    "avg": 7282559706.806231,
    "std_dev": 3968100178.212443,
    "percentiles": {
      "1.0": 2613560191.9874372,
      "5.0": 3021484325.26349,
      "10.0": 3440517396.605335,
      "25.0": 4502518222.849106,
      "50.0": 6293405016.796065,
      "75.0": 8930296970.435083,
      "80.0": 9757469000.84654,
      "90.0": 12306001688.353748,
      "95.0": 14819100591.266872,
      "97.0": 16802522673.266262,
      "99.0": 21249192861.488796,
      "99.9": 31975365052.947544
    },