{
  "version": "0.1.0",
  "git_sha": "synthetic",
  "test_started_at": 0,
  "n_samples_issued": 4395,
  "n_samples_completed": 4395,
  "n_samples_failed": 0,
  "duration_ns": 578000000000,
  "state": "complete",
  "complete": true,
  "ttft": {
    "total": 2286464468052.39,
    "min": 185000000,
    "max": 1500000000,
    "median": 299770995.9050537,
    "avg": 317564509.45172083,
    "std_dev": 92997547.72257352,
    "percentiles": {
      "1.0": 188400747.4495587,
      "5.0": 201333525.3565316,
      "10.0": 214852321.0765724,
      "25.0": 248199018.52760276,
      "50.0": 299770995.9050537,
      "75.0": 366850035.7441721,
      "80.0": 386359211.5773578,
      "90.0": 442361818.96813637,
      "95.0": 493535565.0844615,
      "97.0": 531284608.1486462,
      "99.0": 610657351.7529025,
      "99.9": 776862574.17611
    },
    "histogram": {
      "buckets": [
        [
          185000000,
          198366826.78090435
        ],
        [
          198366826.78090435,
          212699448.47094765
        ],
        [
          212699448.47094765,
          228067646.76340738
        ],
        [
          228067646.76340738,
          244546245.29646116
        ],
        [
          244546245.29646116,
          262215473.9494252
        ],
        [
          262215473.9494252,
          281161359.4605317
        ],
        [
          281161359.4605317,
          301476144.26805884
        ],
        [
          301476144.26805884,
          323258735.61403763
        ],
        [
          323258735.61403763,
          346615187.0971025
        ],
        [
          346615187.0971025,
          371659215.0190362
        ],
        [
          371659215.0190362,
          398512752.03896236
        ],
        [
          398512752.03896236,
          427306540.8307802
        ],
        [
          427306540.8307802,
          458180770.634199
        ],
        [
          458180770.634199,
          491285759.7985699
        ],
        [
          491285759.7985699,
          526782687.6426373
        ],
        [
          526782687.6426373,
          564844379.1934394
        ],
        [
          564844379.1934394,
          605656146.6250403
        ],
        [
          605656146.6250403,
          649416691.4938345
        ],
        [
          649416691.4938345,
          696339072.1631647
        ],
        [
          696339072.1631647,
          746651741.1273847
        ],
        [
          746651741.1273847,
          800599657.2858193
        ],
        [
          800599657.2858193,
          858445478.5819865
        ],
        [
          858445478.5819865,
          920470840.8147215
        ],
        [
          920470840.8147215,
          986977728.8473905
        ],
        [
          986977728.8473905,
          1058289946.8912472
        ],
        [
          1058289946.8912472,
          1134754695.0213432
        ],
        [
          1134754695.0213432,
          1216744259.600631
        ],
        [
          1216744259.600631,
          1304657825.8424761
        ],
        [
          1304657825.8424761,
          1398923421.3364635
        ],
        [
          1398923421.3364635,
          1500000150.0
        ]
      ],
      "counts": [
        283,
        372,
        464,
        552,
        624,
        672,
        691,
        672,
        624,
        552,
        464,
        372,
        283,
        206,
        142,
        93,
        58,
        35,
        20,
        11,
        5,
        3,
        1,
        1,
        0,
        0,
        0,
        0,
        0,
        0
      ]
    }
  },
  "tpot": {
    "total": 155822192924.94736,
    "min": 18500000.0,
    "max": 33000000.0,
    "median": 21491309.563824285,
    "avg": 21641971.239576023,
    "std_dev": 1719461.6204097492,
    "percentiles": {
      "1.0": 18629726.848056935,
      "5.0": 19074095.76291873,
      "10.0": 19481904.433838733,
      "25.0": 20355936.530849054,
      "50.0": 21491309.563824285,
      "75.0": 22748060.374027457,
      "80.0": 23076896.058973536,
      "90.0": 23965109.24984805,
      "95.0": 24705937.775145743,
      "97.0": 25216538.014468748,
      "99.0": 26195445.58171776,
      "99.9": 28042898.11093752
    },
    "histogram": {
      "buckets": [
        [
          18500000.0,
          18860352.35571371
        ],
        [
          18860352.35571371,
          19227723.836847335
        ],
        [
          19227723.836847335,
          19602251.165475477
        ],
        [
          19602251.165475477,
          19984073.726814445
        ],
        [
          19984073.726814445,
          20373333.621096287
        ],
        [
          20373333.621096287,
          20770175.716453224
        ],
        [
          20770175.716453224,
          21174747.70283223
        ],
        [
          21174747.70283223,
          21587200.146959744
        ],
        [
          21587200.146959744,
          22007686.548377056
        ],
        [
          22007686.548377056,
          22436363.396567143
        ],
        [
          22436363.396567143,
          22873390.22919427
        ],
        [
          22873390.22919427,
          23318929.691478003
        ],
        [
          23318929.691478003,
          23773147.596723758
        ],
        [
          23773147.596723758,
          24236212.98803236
        ],
        [
          24236212.98803236,
          24708298.20121164
        ],
        [
          24708298.20121164,
          25189578.928913444
        ],
        [
          25189578.928913444,
          25680234.28601995
        ],
        [
          25680234.28601995,
          26180446.876303587
        ],
        [
          26180446.876303587,
          26690402.860385407
        ],
        [
          26690402.860385407,
          27210292.02501718
        ],
        [
          27210292.02501718,
          27740307.853713013
        ],
        [
          27740307.853713013,
          28280647.59875674
        ],
        [
          28280647.59875674,
          28831512.354611944
        ],
        [
          28831512.354611944,
          29393107.132761855
        ],
        [
          29393107.132761855,
          29965640.938007053
        ],
        [
          29965640.938007053,
          30549326.846249323
        ],
        [
          30549326.846249323,
          31144382.083790623
        ],
        [
          31144382.083790623,
          31751028.108176667
        ],
        [
          31751028.108176667,
          32369490.690615244
        ],
        [
          32369490.690615244,
          33000003.3
        ]
      ],
      "counts": [
        200,
        275,
        361,
        451,
        537,
        607,
        654,
        671,
        654,
        607,
        537,
        451,
        361,
        275,
        200,
        138,
        91,
        57,
        34,
        19,
        10,
        5,
        3,
        1,
        1,
        0,
        0,
        0,
        0,
        0
      ]
    }
  },
  "latency": {
    "total": 28399006699923.49,
    "min": 950000000,
    "max": 22000000000,
    "median": 3528715149.352027,
    "avg": 3944306486.1004844,
    "std_dev": 1954334689.4354947,
    "percentiles": {
      "1.0": 1224095076.6552207,
      "5.0": 1638195510.45747,
      "10.0": 1935043704.598363,
      "25.0": 2568213884.4593062,
      "50.0": 3528715149.352027,
      "75.0": 4852114712.40184,
      "80.0": 5248170948.62404,
      "90.0": 6459294015.562831,
      "95.0": 7645988956.5499735,
      "97.0": 8531892788.031271,
      "99.0": 10509616703.172009,
      "99.9": 15045037343.542078
    },