{
  "version": "0.1.0",
  "git_sha": "1eeeb8f",
  "test_started_at": 0,
  "n_samples_issued": 660,
  "n_samples_completed": 660,
  "n_samples_failed": 0,
  "duration_ns": 2729471706073,
  "state": "complete",
  "complete": true,
  "ttft": {
    "total": 36128070167,
    "min": 34540447,
    "max": 125824007,
    "median": 52512585.0,
    "avg": 54739500.2530303,
    "std_dev": 13413477.380506901,
    "percentiles": {
      "99.9": 124030647.0,
      "99.0": 111738627.0,
      "97.0": 84676358.0,
      "95.0": 83512410.0,
      "90.0": 67830832.0,
      "80.0": 57328993.0,
      "75.0": 56470073.0,
      "50.0": 52512585.0,
      "25.0": 46347875.0,
      "10.0": 43721025.0,
      "5.0": 42369368.0,
      "1.0": 36933955.0
    },
    "early_stopping_percentiles": {
      "99.9": null,
      "99.0": 112297320.135,
      "97.0": 85099739.79,
      "95.0": 83929972.05,
      "90.0": 68169986.16,
      "80.0": 57615637.965,
      "75.0": 56752423.365,
      "50.0": 52775147.925
    },
    "histogram": {
      "buckets": [
        [
          34540446.99999999,
          37295916.76629659
        ],
        [
          37295916.76629659,
          40271204.580488734
        ],
        [
          40271204.580488734,
          43483846.46302956
        ],
        [
          43483846.46302956,
          46952777.37325104
        ],
        [
          46952777.37325104,
          50698442.80993888
        ],
        [
          50698442.80993888,
          54742919.31486397
        ],
        [
          54742919.31486397,
          59110044.58949987
        ],
        [
          59110044.58949987,
          63825557.99182528
        ],
        [
          63825557.99182528,
          68917252.24127993
        ],
        [
          68917252.24127993,
          74415137.22600764
        ],
        [
          74415137.22600764,
          80351616.87785135
        ],
        [
          80351616.87785135,
          86761680.15757574
        ],
        [
          86761680.15757574,
          93683107.27597137
        ],
        [
          93683107.27597137,
          101156692.36627607
        ],
        [
          101156692.36627607,
          109226483.92032976
        ],
        [
          109226483.92032976,
          117940044.40555929
        ],
        [
          117940044.40555929,
          127348730.59294987
        ],
        [
          127348730.59294987,
          137507996.2482305
        ],
        [
          137507996.2482305,
          148477718.97029096
        ],
        [
          148477718.97029096,
          160322553.1031943
        ],
        [
          160322553.1031943,
          173112310.8017942
        ],
        [
          173112310.8017942,
          186922373.49693266
        ],
        [
          186922373.49693266,
          201834136.18533093
        ],
        [
          201834136.18533093,
          217935487.16278842
        ],
        [
          217935487.16278842,
          235321326.02816883
        ],
        [
          235321326.02816883,
          254094123.0112375
        ],
        [
          254094123.0112375,
          274364522.9209766
        ],
        [
          274364522.9209766,
          296251997.27396166
        ],
        [
          296251997.27396166,
          319885548.4464008
        ],
        [
          319885548.4464008,
          345404470.00000036
        ]
      ],
      "counts": [
        7,
        4,
        47,
        126,
        87,
        145,
        134,
        16,
        34,
        13,
        5,
        22,
        0,
        0,
        12,
        5,
        3,
        0,
        0,
        0,
        0,
        0,
        0,
        0,
        0,
        0,
        0,
        0,
        0,
        0
      ]
    }
  },
  "tpot": {
    "total": 7587399723.751874,
    "min": 8610864.315265825,
    "max": 13068183.72356021,
    "median": 11451376.835781278,
    "avg": 11496060.187502839,
    "std_dev": 419229.8453950391,
    "percentiles": {
      "99.9": 13049418.621640611,
      "99.0": 12937719.855855856,
      "97.0": 12809106.316139666,
      "95.0": 12736292.326597132,
      "90.0": 11612703.38877532,
      "80.0": 11524131.660562778,
      "75.0": 11502378.862235244,
      "50.0": 11451376.835781278,
      "25.0": 11388976.468070574,
      "10.0": 11274776.399835572,
      "5.0": 11112635.422550831,
      "1.0": 10414470.084660929
    },
    "early_stopping_percentiles": {
      "99.9": null,
      "99.0": 13002408.4551,
      "97.0": 12873151.8477,
      "95.0": 12799973.7882,
      "90.0": 11670766.9057,
      "80.0": 11581752.3189,
      "75.0": 11559890.7565,
      "50.0": 11508633.72
    },
    "histogram": {
      "buckets": [
        [
          8610864.31526582,
          9297797.413798034
        ],
        [
          9297797.413798034,
          10039530.711773917
        ],
        [
          10039530.711773917,
          10840435.90399973
        ],
        [
          10840435.90399973,
          11705233.437944423
        ],
        [
          11705233.437944423,
          12639020.3355402
        ],
        [
          12639020.3355402,
          13647300.234471122
        ],
        [
          13647300.234471122,
          14736015.826011024
        ],
        [
          14736015.826011024,
          15911583.880594784
        ],
        [
          15911583.880594784,
          17180933.067560177
        ],
        [
          17180933.067560177,
          18551544.79196634
        ],
        [
          18551544.79196634,
          20031497.2891752
        ],
        [
          20031497.2891752,
          21629513.237086274
        ],
        [
          21629513.237086274,
          23355011.16664414
        ],
        [
          23355011.16664414,
          25218160.973628614
        ],
        [
          25218160.973628614,
          27229943.858906202
        ],
        [
          27229943.858906202,
          29402217.05042482
        ],
        [
          29402217.05042482,
          31747783.68841708
        ],
        [
          31747783.68841708,
          34280468.285705514
        ],
        [
          34280468.285705514,
          37015198.20786752
        ],
        [
          37015198.20786752,
          39968091.65349258
        ],
        [
          39968091.65349258,
          43156552.65307866
        ],
        [
          43156552.65307866,
          46599373.64648246
        ],
        [
          46599373.64648246,
          50316846.24350011
        ],
        [
          50316846.24350011,
          54330880.82039366
        ],
        [
          54330880.82039366,
          58665135.65724813
        ],
        [
          58665135.65724813,
          63345156.37728211
        ],
        [
          63345156.37728211,
          68398526.5099541
        ],
        [
          68398526.5099541,
          73855030.06526172
        ],
        [
          73855030.06526172,
          79746827.07743602
        ],
        [
          79746827.07743602,
          86108643.15265813
        ]
      ],
      "counts": [
        2,
        1,
        13,
        592,
        16,
        36,
        0,
        0,
        0,
        0,
        0,
        0,
        0,
        0,
        0,
        0,
        0,
        0,
        0,
        0,
        0,
        0,
        0,
        0,
        0,
        0,
        0,
        0,
        0,
        0
      ]
    }
  },
  "latency": {
    "total": 85074236350007,
    "min": 14782461207,
    "max": 209952011488,
    "median": 161833388963.0,
    "avg": 128900358106.07121,
    "std_dev": 65756406364.59481,
    "percentiles": {
      "99.9": 209951462341.0,
      "99.0": 209926585383.0,
      "97.0": 198646876845.0,
      "95.0": 188922260615.0,
      "90.0": 188399677328.0,
      "80.0": 187862553367.0,
      "75.0": 187614806549.0,
      "50.0": 161833388963.0,
      "25.0": 52261367138.0,
      "10.0": 33856085501.0,
      "5.0": 27415887620.0,