{
  "run_date": "2026-07-02",
  "node_config": "32x HPC-Accelerator-Gen4-80GB (8 nodes x 4) + 8x HPC-CPU-Gen4",
  "config_summary": "TP 4, PP 2, DP 4, disaggregated, flash-attn-3",
  "config_summary_notes": null,
  "concurrency": 768,
  "system_tps": 47832.14,
  "tps_per_user": 62.28,
  "ttft": 1518.2977655906222,
  "qps": 22.169168,
  "tps_utilization": 0.7054,
  "measured_total_output_tokens": 79718961203049,
  "measured_run_duration": 2814.719975057,
  "measured_total_requests": 62400,
  "link_config": null,
  "link_logs": null,
  "measured_latency_ttft_min": 250.0,
  "measured_latency_ttft_average": 669.7332053523533,
  "measured_latency_ttft_max": 3300.0,
  "measured_latency_ttft_p50": 620.2681381159663,
  "measured_latency_ttft_p90": 1017.4693455446507,
  "measured_latency_ttft_p95": 1168.1066974551313,
  "measured_latency_ttft_p99": 1518.2977655906222,
  "measured_latency_ttft_p999": 2052.520258216607,
  "measured_latency_tpot_min": 24.0,
  "measured_latency_tpot_average": 29.746501552429475,
  "measured_latency_tpot_max": 46.0,
  "measured_latency_tpot_p50": 29.554496720811613,
  "measured_latency_tpot_p90": 33.467940704117595,
  "measured_latency_tpot_p95": 34.65232504949469,
  "measured_latency_tpot_p99": 37.01854541033396,
  "measured_latency_tpot_p999": 39.93710096388281,
  "measured_latency_request_min": 2250.0,
  "measured_latency_request_average": 6014.36083576456,
  "measured_latency_request_max": 170000.0,
  "measured_latency_request_p50": 4914.371361249627,
  "measured_latency_request_p90": 10569.408924985797,
  "measured_latency_request_p95": 13265.342566712336,
  "measured_latency_request_p99": 20409.7311234148,
  "measured_latency_request_p999": 33249.843869692835
}
