{
  "run_date": "2026-07-03",
  "node_config": "8x HPC-Accelerator-Gen5-141GB + 2x HPC-CPU-Gen5, HPC-System2",
  "config_summary": "TP 8, PP 1, DP 1, continuous batching",
  "config_summary_notes": null,
  "concurrency": 256,
  "system_tps": 22481.73,
  "tps_per_user": 87.82,
  "ttft": 2784.189477103019,
  "qps": 7.631923,
  "tps_utilization": 0.3387,
  "measured_total_output_tokens": 40226571589577,
  "measured_run_duration": 4127.400132312,
  "measured_total_requests": 31500,
  "link_config": null,
  "link_logs": null,
  "measured_latency_ttft_min": 210.0,
  "measured_latency_ttft_average": 1091.43123524451,
  "measured_latency_ttft_max": 4200.0,
  "measured_latency_ttft_p50": 988.2660772764174,
  "measured_latency_ttft_p90": 1758.222889974881,
  "measured_latency_ttft_p95": 2064.4223653999666,
  "measured_latency_ttft_p99": 2784.189477103019,
  "measured_latency_ttft_p999": 3721.0555727820256,
  "measured_latency_tpot_min": 19.2,
  "measured_latency_tpot_average": 23.532312665563957,
  "measured_latency_tpot_max": 40.5,
  "measured_latency_tpot_p50": 23.294362865500894,
  "measured_latency_tpot_p90": 26.807545205476593,
  "measured_latency_tpot_p95": 27.87999203188223,
  "measured_latency_tpot_p99": 30.066930822440177,
  "measured_latency_tpot_p999": 32.74726488162707,
  "measured_latency_request_min": 2500.0,
  "measured_latency_request_average": 7282.559706806231,
  "measured_latency_request_max": 88000.0,
  "measured_latency_request_p50": 6293.405016796065,
  "measured_latency_request_p90": 12306.001688353748,
  "measured_latency_request_p95": 14819.100591266872,
  "measured_latency_request_p99": 21249.192861488795,
  "measured_latency_request_p999": 31975.365052947545
}