{
  "run_date": "2026-07-03",
  "node_config": "8x HPC-Accelerator-Gen5-141GB + 2x HPC-CPU-Gen5, HPC-System2",
  "config_summary": "TP 8, PP 1, DP 1, continuous batching",
  "config_summary_notes": null,
  "concurrency": 16,
  "system_tps": 22481.73,
  "tps_per_user": 1405.11,
  "ttft": 610.6573517529025,
  "qps": 7.604563,
  "tps_utilization": 0.0318,
  "measured_total_output_tokens": 9204042483073,
  "measured_run_duration": 946.799967335,
  "measured_total_requests": 7200,
  "link_config": null,
  "link_logs": null,
  "measured_latency_ttft_min": 185.0,
  "measured_latency_ttft_average": 317.5645094517208,
  "measured_latency_ttft_max": 1500.0,
  "measured_latency_ttft_p50": 299.77099590505367,
  "measured_latency_ttft_p90": 442.3618189681364,
  "measured_latency_ttft_p95": 493.5355650844615,
  "measured_latency_ttft_p99": 610.6573517529025,
  "measured_latency_ttft_p999": 776.86257417611,
  "measured_latency_tpot_min": 18.5,
  "measured_latency_tpot_average": 21.641971239576023,
  "measured_latency_tpot_max": 33.0,
  "measured_latency_tpot_p50": 21.491309563824284,
  "measured_latency_tpot_p90": 23.965109249848048,
  "measured_latency_tpot_p95": 24.705937775145742,
  "measured_latency_tpot_p99": 26.19544558171776,
  "measured_latency_tpot_p999": 28.04289811093752,
  "measured_latency_request_min": 950.0,
  "measured_latency_request_average": 3944.3064861004846,
  "measured_latency_request_max": 22000.0,
  "measured_latency_request_p50": 3528.715149352027,
  "measured_latency_request_p90": 6459.294015562831,
  "measured_latency_request_p95": 7645.988956549973,
  "measured_latency_request_p99": 10509.616703172009,
  "measured_latency_request_p999": 15045.037343542079
}