{
  "version": "0.1.0",
  "git_sha": "1eeeb8f",
  "test_started_at": 0,
  "n_samples_issued": 660,
  "n_samples_completed": 660,
  "n_samples_failed": 0,
  "duration_ns": 1408291410716,
  "state": "complete",
  "complete": true,
  "ttft": {
    "total": 1737893837784,
    "min": 72525460,
    "max": 2814699043,
    "median": 2798445492.0,
    "avg": 2633172481.490909,
    "std_dev": 435395609.29330736,
    "percentiles": {
      "99.9": 2814563892.0,
      "99.0": 2813898026.0,
      "97.0": 2813071243.0,
      "95.0": 2812397682.0,
      "90.0": 2810871970.0,
      "80.0": 2808618587.0,
      "75.0": 2807632160.0,
      "50.0": 2798445492.0,
      "25.0": 2781758499.0,
      "10.0": 1648339154.0,
      "5.0": 1636937585.0,
      "1.0": 1627220912.0
    },
    "early_stopping_percentiles": {
      "99.9": null,
      "99.0": 2827967516.13,
      "97.0": 2827136599.215,
      "95.0": 2826459670.41,
      "90.0": 2824926329.85,
      "80.0": 2822661679.935,
      "75.0": 2821670320.8,
      "50.0": 2812437719.46
    },
    "histogram": {
      "buckets": [
        [
          72525459.99999994,
          81932311.56344242
        ],
        [
          81932311.56344242,
          92559270.60826647
        ],
        [
          92559270.60826647,
          104564590.11168592
        ],
        [
          104564590.11168592,
          118127049.11536318
        ],
        [
          118127049.11536318,
          133448615.04070444
        ],
        [
          133448615.04070444,
          150757451.31743932
        ],
        [
          150757451.31743932,
          170311315.1140434
        ],
        [
          170311315.1140434,
          192401395.76782325
        ],
        [
          192401395.76782325,
          217356651.0752293
        ],
        [
          217356651.0752293,
          245548706.01692346
        ],
        [
          245548706.01692346,
          277397386.86771125
        ],
        [
          277397386.86771125,
          313376973.1033778
        ],
        [
          313376973.1033778,
          354023260.2056504
        ],
        [
          354023260.2056504,
          399941538.54212046
        ],
        [
          399941538.54212046,
          451815607.1398313
        ],
        [
          451815607.1398313,
          510417956.5825103
        ],
        [
          510417956.5825103,
          576621272.6716093
        ],
        [
          576621272.6716093,
          651411432.1596721
        ],
        [
          651411432.1596721,
          735902184.083969
        ],
        [
          735902184.083969,
          831351735.3297111
        ],
        [
          831351735.3297111,
          939181487.409283
        ],
        [
          939181487.409283,
          1060997203.4790915
        ],
        [
          1060997203.4790915,
          1198612920.8058813
        ],
        [
          1198612920.8058813,
          1354077964.7786484
        ],
        [
          1354077964.7786484,
          1529707466.749419
        ],
        [
          1529707466.749419,
          1728116840.1639607
        ],
        [
          1728116840.1639607,
          1952260728.3889735
        ],
        [
          1952260728.3889735,
          2205477004.2332516
        ],
        [
          2205477004.2332516,
          2491536476.388382
        ],
        [
          2491536476.388382,
          2814699042.9999967
        ]
      ],
      "counts": [
        3,
        2,
        0,
        0,
        0,
        0,
        0,
        0,
        0,
        0,
        0,
        0,
        0,
        0,
        0,
        0,
        0,
        0,
        0,
        0,
        0,
        0,
        0,
        0,
        0,
        79,
        0,
        0,
        0,
        576
      ]
    }
  },
  "tpot": {
    "total": 35745172302.81703,
    "min": 34374062.328,
    "max": 176152147.36214644,
    "median": 40866548.77347115,
    "avg": 54159351.9739652,
    "std_dev": 23664852.75403985,
    "percentiles": {
      "99.9": 175954994.98085606,
      "99.0": 147292994.62561175,
      "97.0": 118675987.57683289,
      "95.0": 91001598.16415972,
      "90.0": 81244787.19529478,
      "80.0": 70452720.76712245,
      "75.0": 68131353.33500183,
      "50.0": 40866548.77347115,
      "25.0": 37809887.12751023,
      "10.0": 37327854.84721703,
      "5.0": 36510591.079934075,
      "1.0": 34815865.502702706
    },
    "early_stopping_percentiles": {
      "99.9": null,
      "99.0": 148029459.5987,
      "97.0": 119269367.5147,
      "95.0": 91456606.155,
      "90.0": 81651011.1313,
      "80.0": 70804984.371,
      "75.0": 68472010.1017,
      "50.0": 41070881.5173
    },
    "histogram": {
      "buckets": [
        [
          34374062.32799998,
          37116258.730078936
        ],
        [
          37116258.730078936,
          40077214.295268334
        ],
        [
          40077214.295268334,
          43274380.571315706
        ],
        [
          43274380.571315706,
          46726601.3060236
        ],
        [
          46726601.3060236,
          50454223.51023372
        ],
        [
          50454223.51023372,
          54479217.38088127
        ],
        [
          54479217.38088127,
          58825305.790927574
        ],
        [
          58825305.790927574,
          63518104.10937588
        ],
        [
          63518104.10937588,
          68585271.17544985
        ],
        [
          68585271.17544985,
          74056672.31676123
        ],
        [
          74056672.31676123,
          79964555.37228103
        ],
        [
          79964555.37228103,
          86343740.75756775
        ],
        [
          86343740.75756775,
          93231826.69248457
        ],
        [
          93231826.69248457,
          100669410.80098628
        ],
        [
          100669410.80098628,
          108700329.38907006
        ],
        [
          108700329.38907006,
          117371915.81115846
        ],
        [
          117371915.81115846,
          126735279.44770771
        ],
        [
          126735279.44770771,
          136845606.93829653
        ],
        [
          136845606.93829653,
          147762487.44563285
        ],
        [
          147762487.44563285,
          159550263.8675547
        ],
        [
          159550263.8675547,
          172278412.06701753
        ],
        [
          172278412.06701753,
          186021950.35522428
        ],
        [
          186021950.35522428,
          200861881.64132914
        ],
        [
          200861881.64132914,
          216885670.85471508
        ],
        [
          216885670.85471508,
          234187760.45370466
        ],
        [
          234187760.45370466,
          252870127.05906135
        ],
        [
          252870127.05906135,
          273042882.4930271
        ],
        [
          273042882.4930271,
          294824922.76633364
        ],
        [
          294824922.76633364,
          318344628.838273
        ],
        [
          318344628.838273,
          343740623.2800002
        ]
      ],
      "counts": [
        53,
        251,
        78,
        2,
        8,
        8,
        20,
        28,
        51,
        65,
        22,
        35,
        8,
        4,
        3,
        3,
        4,
        6,
        4,
        3,
        2,
        2,
        0,
        0,
        0,
        0,
        0,
        0,
        0,
        0
      ]
    }
  },
  "latency": {
    "total": 421653178526716,
    "min": 41016656608,
    "max": 1408258573047,
    "median": 622216242721.0,
    "avg": 638868452313.206,
    "std_dev": 395738307826.0808,
    "percentiles": {
      "99.9": 1405433322799.0,
      "99.0": 1389899643934.0,
      "97.0": 1337285272902.0,
      "95.0": 1235335655575.0,
      "90.0": 1154774818151.0,
      "80.0": 1076403046001.0,
      "75.0": 994720328501.0,
      "50.0": 622216242721.0,
      "25.0": 212378592610.0,