{
  "version": "0.1.0",
  "git_sha": "synthetic",
  "test_started_at": 0,
  "n_samples_issued": 62400,
  "n_samples_completed": 62400,
  "n_samples_failed": 0,
  "duration_ns": 2814719975057,
  "state": "complete",
  "complete": true,
  "ttft": {
    "total": 41791352013986.84,
    "min": 250000000,
    "max": 3300000000,
    "median": 620268138.1159663,
    "avg": 669733205.3523532,
    "std_dev": 265033066.31655467,
    "percentiles": {
      "1.0": 277341117.4967128,
      "5.0": 336518360.6787739,
      "10.0": 382921787.93426716,
      "25.0": 479213390.6567542,
      "50.0": 620268138.1159663,
      "75.0": 804709906.5154341,
      "80.0": 858285826.9859271,
      "90.0": 1017469345.5446507,
      "95.0": 1168106697.4551313,
      "97.0": 1278320511.7945757,
      "99.0": 1518297765.5906222,
      "99.9": 2052520258.216607
    },
    "histogram": {
      "buckets": [
        [
          250000000,
          272453551.2689141
        ],
        [
          272453551.2689141,
          296923750.3961713
        ],
        [
          296923750.3961713,
          323591721.00608605
        ],
        [
          323591721.00608605,
          352654854.1973113
        ],
        [
          352654854.1973113,
          384328269.5931143
        ],
        [
          384328269.5931143,
          418846407.6147225
        ],
        [
          418846407.6147225,
          456464764.7634332
        ],
        [
          456464764.7634332,
          497461784.7557075
        ],
        [
          497461784.7557075,
          542140919.5090587
        ],
        [
          542140919.5090587,
          590832875.2337503
        ],
        [
          590832875.2337503,
          643898060.2554342
        ],
        [
          643898060.2554342,
          701729252.6870332
        ],
        [
          701729252.6870332,
          764754507.6954535
        ],
        [
          764754507.6954535,
          833440325.8821458
        ],
        [
          833440325.8821458,
          908295106.2292469
        ],
        [
          908295106.2292469,
          989872909.1693356
        ],
        [
          989872909.1693356,
          1078777557.632307
        ],
        [
          1078777557.632307,
          1175667106.424511
        ],
        [
          1175667106.424511,
          1281258713.0216258
        ],
        [
          1281258713.0216258,
          1396333945.8279219
        ],
        [
          1396333945.8279219,
          1521744569.1926115
        ],
        [
          1521744569.1926115,
          1658418848.0028431
        ],
        [
          1658418848.0028431,
          1807368418.5187044
        ],
        [
          1807368418.5187044,
          1969695776.3068082
        ],
        [
          1969695776.3068082,
          2146602436.6966825
        ],
        [
          2146602436.6966825,
          2339397828.162062
        ],
        [
          2339397828.162062,
          2549508984.454155
        ],
        [
          2549508984.454155,
          2778491107.226149
        ],
        [
          2778491107.226149,
          3028039077.331446
        ],
        [
          3028039077.331446,
          3300000330.0
        ]
      ],
      "counts": [
        473,
        756,
        1150,
        1666,
        2297,
        3013,
        3763,
        4473,
        5061,
        5450,
        5585,
        5450,
        5061,
        4473,
        3763,
        3013,
        2297,
        1666,
        1150,
        756,
        473,
        282,
        160,
        86,
        44,
        22,
        10,
        4,
        2,
        1
      ]
    }
  },
  "tpot": {
    "total": 1856181696871.599,
    "min": 24000000,
    "max": 46000000.0,
    "median": 29554496.720811613,
    "avg": 29746501.552429475,
    "std_dev": 2792107.6433245707,
    "percentiles": {
      "1.0": 24430866.753392234,
      "5.0": 25456234.456612058,
      "10.0": 26236462.324309528,
      "25.0": 27715105.28054541,
      "50.0": 29554496.720811613,
      "75.0": 31548890.60328267,
      "80.0": 32065426.545850456,
      "90.0": 33467940.704117596,
      "95.0": 34652325.04949469,
      "97.0": 35448879.86321035,
      "99.0": 37018545.410333954,
      "99.9": 39937100.96388281
    },
    "histogram": {
      "buckets": [
        [
          24000000,
          24526154.59308475
        ],
        [
          24526154.59308475,
          25063844.130162172
        ],
        [
          25063844.130162172,
          25613321.493055716
        ],
        [
          25613321.493055716,
          26174845.107544363
        ],
        [
          26174845.107544363,
          26748679.064903375
        ],
        [
          26748679.064903375,
          27335093.24610957
        ],
        [
          27335093.24610957,
          27934363.448769588
        ],
        [
          27934363.448769588,
          28546771.516830787
        ],
        [
          28546771.516830787,
          29172605.473135844
        ],
        [
          29172605.473135844,
          29812159.65488333
        ],
        [
          29812159.65488333,
          30465734.852058023
        ],
        [
          30465734.852058023,
          31133638.44889604
        ],
        [
          31133638.44889604,
          31816184.56845131
        ],
        [
          31816184.56845131,
          32513694.220331427
        ],
        [
          32513694.220331427,
          33226495.451672275
        ],
        [
          33226495.451672275,
          33954923.50142256
        ],
        [
          33954923.50142256,
          34699320.95801067
        ],
        [
          34699320.95801067,
          35460037.92046814
        ],
        [
          35460037.92046814,
          36237432.16308537
        ],
        [
          36237432.16308537,
          37031869.303677216
        ],
        [
          37031869.303677216,
          37843722.975537375
        ],
        [
          37843722.975537375,
          38673375.003162615
        ],
        [
          38673375.003162615,
          39521215.5818294
        ],
        [
          39521215.5818294,
          40387643.4611074
        ],
        [
          40387643.4611074,
          41273066.13239619
        ],
        [
          41273066.13239619,
          42177900.02057331
        ],
        [
          42177900.02057331,
          43102570.67984389
        ],
        [
          43102570.67984389,
          44047512.99388388
        ],
        [
          44047512.99388388,
          45013171.38037105
        ],
        [
          45013171.38037105,
          46000004.6
        ]
      ],
      "counts": [
        762,
        1159,
        1679,
        2314,
        3036,
        3792,
        4507,
        5099,
        5492,
        5627,
        5492,
        5099,
        4507,
        3792,
        3036,
        2314,
        1679,
        1159,
        762,
        477,
        284,
        161,
        87,
        45,
        22,
        10,
        4,
        2,
        1,
        0
      ]
    }
  },
  "latency": {
    "total": 375296116151708.5,
    "min": 2250000000,
    "max": 170000000000,
    "median": 4914371361.249627,
    "avg": 6014360835.76456,
    "std_dev": 3812635963.375464,
    "percentiles": {
      "1.0": 2299180128.78338,
      "5.0": 2495900643.9168997,
      "10.0": 2737768795.011432,
      "25.0": 3464157303.2045603,
      "50.0": 4914371361.249627,
      "75.0": 7266512948.526587,
      "80.0": 8045680228.833385,
      "90.0": 10569408924.985798,
      "95.0": 13265342566.712336,
      "97.0": 15400310284.851246,
      "99.0": 20409731123.4148,
      "99.9": 33249843869.692833
    },