{
  "version": "0.1.0",
  "git_sha": "synthetic",
  "test_started_at": 0,
  "n_samples_issued": 95000,
  "n_samples_completed": 95000,
  "n_samples_failed": 0,
  "duration_ns": 2426564495530,
  "state": "complete",
  "complete": true,
  "ttft": {
    "total": 11194136546718.803,
    "min": 68000000,
    "max": 900000000,
    "median": 108361504.65369289,
    "avg": 117833016.28125055,
    "std_dev": 40393923.36046231,
    "percentiles": {
      "1.0": 68861888.14971374,
      "5.0": 72309440.74856868,
      "10.0": 76410605.6950313,
      "25.0": 87989171.77407041,
      "50.0": 108361504.65369289,
      "75.0": 136916286.08049995,
      "80.0": 145497522.613291,
      "90.0": 171225993.1566683,
      "95.0": 196111494.62499368,
      "97.0": 214394103.30596215,
      "99.0": 253697292.19623426,
      "99.9": 339978932.98316425
    },
    "histogram": {
      "buckets": [
        [
          68000000,
          74113962.35886408
        ],
        [
          74113962.35886408,
          80777638.47839886
        ],
        [
          80777638.47839886,
          88040453.78861742
        ],
        [
          88040453.78861742,
          95956277.61980742
        ],
        [
          95956277.61980742,
          104583822.75898705
        ],
        [
          104583822.75898705,
          113987080.93096587
        ],
        [
          113987080.93096587,
          124235797.43403527
        ],
        [
          124235797.43403527,
          135405988.4507287
        ],
        [
          135405988.4507287,
          147580504.87061903
        ],
        [
          147580504.87061903,
          160849646.80710614
        ],
        [
          160849646.80710614,
          175311833.36615363
        ],
        [
          175311833.36615363,
          191074332.63474357
        ],
        [
          191074332.63474357,
          208254057.30347738
        ],
        [
          208254057.30347738,
          226978431.82456833
        ],
        [
          226978431.82456833,
          247386337.53705963
        ],
        [
          247386337.53705963,
          269629142.76939535
        ],
        [
          269629142.76939535,
          293871825.55976117
        ],
        [
          293871825.55976117,
          320294197.32157075
        ],
        [
          320294197.32157075,
          349092236.5301983
        ],
        [
          349092236.5301983,
          380479542.3230999
        ],
        [
          380479542.3230999,
          414688918.79488325
        ],
        [
          414688918.79488325,
          451974101.73826504
        ],
        [
          451974101.73826504,
          492611640.6383997
        ],
        [
          492611640.6383997,
          536902949.8795977
        ],
        [
          536902949.8795977,
          585176544.3785235
        ],
        [
          585176544.3785235,
          637790476.225883
        ],
        [
          637790476.225883,
          695134990.4095161
        ],
        [
          695134990.4095161,
          757635419.3167679
        ],
        [
          757635419.3167679,
          825755337.4850757
        ],
        [
          825755337.4850757,
          900000090.0
        ]
      ],
      "counts": [
        6739,
        8011,
        9064,
        9760,
        10005,
        9760,
        9064,
        8011,
        6739,
        5396,
        4113,
        2984,
        2060,
        1354,
        847,
        504,
        286,
        154,
        79,
        39,
        18,
        8,
        3,
        1,
        1,
        0,
        0,
        0,
        0,
        0
      ]
    }
  },
  "tpot": {
    "total": 2608669364236.6973,
    "min": 24000000,
    "max": 39500000.0,
    "median": 27305431.68551323,
    "avg": 27459677.518281024,
    "std_dev": 1874755.2235627698,
    "percentiles": {
      "1.0": 24144796.958367635,
      "5.0": 24639475.25613395,
      "10.0": 25091823.281745136,
      "25.0": 26058237.601504896,
      "50.0": 27305431.68551323,
      "75.0": 28675235.868392475,
      "80.0": 29031782.07844526,
      "90.0": 29990198.012716305,
      "95.0": 30786339.261056725,
      "97.0": 31332394.451364454,
      "99.0": 32381994.432798088,
      "99.9": 34308819.144240364
    },
    "histogram": {
      "buckets": [
        [
          24000000,
          24401925.87285837
        ],
        [
          24401925.87285837,
          24810582.76268645
        ],
        [
          24810582.76268645,
          25226083.39322885
        ],
        [
          25226083.39322885,
          25648542.376004748
        ],
        [
          25648542.376004748,
          26078076.241922274
        ],
        [
          26078076.241922274,
          26514803.47342235
        ],
        [
          26514803.47342235,
          26958844.537160825
        ],
        [
          26958844.537160825,
          27410321.91723797
        ],
        [
          27410321.91723797,
          27869360.14898442
        ],
        [
          27869360.14898442,
          28336085.853312958
        ],
        [
          28336085.853312958,
          28810627.771645565
        ],
        [
          28810627.771645565,
          29293116.80142541
        ],
        [
          29293116.80142541,
          29783686.032223538
        ],
        [
          29783686.032223538,
          30282470.78245025
        ],
        [
          30282470.78245025,
          30789608.63668127
        ],
        [
          30789608.63668127,
          31305239.48360901
        ],
        [
          31305239.48360901,
          31829505.554629423
        ],
        [
          31829505.554629423,
          32362551.463075038
        ],
        [
          32362551.463075038,
          32904524.244105052
        ],
        [
          32904524.244105052,
          33455573.39526344
        ],
        [
          33455573.39526344,
          34015850.917716295
        ],
        [
          34015850.917716295,
          34585511.35817977
        ],
        [
          34585511.35817977,
          35164711.85155017
        ],
        [
          35164711.85155017,
          35753612.164247975
        ],
        [
          35753612.164247975,
          36352374.73828777
        ],
        [
          36352374.73828777,
          36961164.73608614
        ],
        [
          36961164.73608614,
          37580150.08602003
        ],
        [
          37580150.08602003,
          38209501.528748035
        ],
        [
          38209501.528748035,
          38849392.66430742
        ],
        [
          38849392.66430742,
          39500003.95
        ]
      ],
      "counts": [
        2637,
        3635,
        4769,
        5956,
        7080,
        8010,
        8626,
        8841,
        8626,
        8010,
        7080,
        5956,
        4769,
        3635,
        2637,
        1821,
        1197,
        749,
        446,
        253,
        136,
        70,
        34,
        16,
        7,
        3,
        1,
        0,
        0,
        0
      ]
    }
  },
  "latency": {
    "total": 233695445147948.72,
    "min": 1100000000,
    "max": 9300000000,
    "median": 2332558152.6429114,
    "avg": 2459952054.188934,
    "std_dev": 794159169.7080545,
    "percentiles": {
      "1.0": 1198530895.8342173,
      "5.0": 1406434102.8527887,
      "10.0": 1565278979.2380126,
      "25.0": 1884246557.1142416,
      "50.0": 2332558152.6429114,
      "75.0": 2893102378.9961257,
      "80.0": 3051573461.550958,
      "90.0": 3512782176.707881,
      "95.0": 3938218593.904984,
      "97.0": 4243236526.556818,
      "99.0": 4891983460.494849,
      "99.9": 6275337224.945603
    },