{
  "run_date": "2026-07-04",
  "node_config": "8x HPC-Accelerator-Gen3-80GB + 2x HPC-CPU-Gen3, Gen4",
  "config_summary": "llama3_1_8b-benchmark [c8d4f21]",
  "config_summary_notes": "endpoints_output,task=llama3_1_8b,dp=8,tp=1,max_num_seqs=128,target_concurrency=128,n_samples_to_issue=92000",
  "concurrency": 128,
  "system_tps": 5640.0,
  "tps_per_user": 57.17,
  "ttft": 253.69729219623426,
  "qps": 39.15,
  "tps_utilization": 0.8928,
  "measured_total_output_tokens": 12160000,
  "measured_run_duration": 2426.56449553,
  "measured_total_requests": 95000,
  "link_config": null,
  "link_logs": null,
  "measured_latency_ttft_min": 68.0,
  "measured_latency_ttft_average": 117.83301628125055,
  "measured_latency_ttft_max": 900.0,
  "measured_latency_ttft_p50": 108.36150465369289,
  "measured_latency_ttft_p90": 171.2259931566683,
  "measured_latency_ttft_p95": 196.11149462499367,
  "measured_latency_ttft_p99": 253.69729219623426,
  "measured_latency_ttft_p999": 339.97893298316427,
  "measured_latency_tpot_min": 24.0,
  "measured_latency_tpot_average": 27.459677518281023,
  "measured_latency_tpot_max": 39.5,
  "measured_latency_tpot_p50": 27.305431685513227,
  "measured_latency_tpot_p90": 29.990198012716306,
  "measured_latency_tpot_p95": 30.786339261056725,
  "measured_latency_tpot_p99": 32.38199443279809,
  "measured_latency_tpot_p999": 34.30881914424037,
  "measured_latency_request_min": 1100.0,
  "measured_latency_request_average": 2459.9520541889337,
  "measured_latency_request_max": 9300.0,
  "measured_latency_request_p50": 2332.5581526429114,
  "measured_latency_request_p90": 3512.782176707881,
  "measured_latency_request_p95": 3938.218593904984,
  "measured_latency_request_p99": 4891.983460494849,
  "measured_latency_request_p999": 6275.337224945603
}
